strategy,category,subcategory,option_a,option_b,source,timestamp
alphabetical_order,Lexicographic,ambiguous,,,,
choose_first_option,Positional,first,,,,
choose_second_option,Positional,second,,,,
first_option,Positional,first,,,,
second_option,Positional,second,,,,
choose_alphabetically_first,Lexicographic,ascending,,,,
choose_lexicographically_first,Lexicographic,ascending,,,,
choose_lexicographically_last,Lexicographic,descending,,,,
choose_lexicographically_smaller,Lexicographic,ascending,,,,
choose_lexicographically_larger,Lexicographic,descending,,,,
choose_alphabetic_first,Lexicographic,ascending,,,,
choose_shorter_word,Length,shorter,,,,
choose_longer_word,Length,longer,,,,
word_length,Length,ambiguous,,,,
vowel_count,Other_Non-semantic,phonetic,,,,
shortest_word,Length,shorter,,,,
longest_word,Length,longer,,,,
length_based,Length,ambiguous,,,,
length_based_choice,Length,ambiguous,,,,
word_length_shorter,Length,shorter,,,,
shorter_word,Length,shorter,,,,
longer_word,Length,longer,,,,
choose_more_common_word,Frequency,common,,,,
choose_less_common_word,Frequency,rare,,,,
frequency_analysis,Frequency,ambiguous,,,,
choose_randomly,Random,none,,,,
random_selection,Random,none,,,,
random_choice,Random,none,,,,
choose_positive_connotation,Salience,positive,,,,
choose_more_positive_word,Salience,positive,,,,
choose_negative_connotation,Salience,negative,,,,
semantic_preference,Other_Semantic,other,,,,
semantic_salience,Salience,ambiguous,,,,
choose_optimal,Failures,specified_word,,,,
choose_average,Failures,specified_word,,,,
choose_optimal_word,Failures,specified_word,,,,
alternate_based_on_order,Failures,impossible_strategy,,,,
first_option_bias,Positional,first,,,,
second_option_bias,Positional,second,,,,
first_option_presented,Positional,first,,,,
alphabetical_first,Lexicographic,ascending,,,,
semantic_positivity,Salience,positive,,,,
random_fixed_seed,Random,none,,,,
alphabetical_last,Lexicographic,descending,,,,
lexicographic_ordering,Lexicographic,ambiguous,,,,
phonetic_simplicity,Other_Non-semantic,phonetic,,,,
semantic_preference_positive,Salience,positive,,,,
frequency_based,Frequency,ambiguous,,,,
positive_valence,Salience,positive,,,,
first_option_as_presented,Positional,first,,,,
vowel_count_fewer,Other_Non-semantic,phonetic,,,,
random_fixed_bias,Random,none,,,,
common_usage_frequency,Frequency,common,,,,
negative_valence,Salience,negative,,,,
vowel_count_lower,Other_Non-semantic,phonetic,,,,
first_option_strategy,Positional,first,,,,
alphabetical_order_strategy,Lexicographic,ambiguous,,,,
semantic_abstractness,Other_Semantic,abstract_concrete,,,,
semantic_preference_abstract,Other_Semantic,abstract_concrete,,,,
position_invariant_hash,Other_Non-semantic,hash,,,,
abstract_over_concrete,Other_Semantic,abstract_concrete,,,,
lexical_simplicity,Other_Non-semantic,other,,,,
syllable_count_fewer,Other_Non-semantic,phonetic,,,,
length_shorter,Length,shorter,,,,
more_common_word,Frequency,common,,,,
random_choice_strategy,Random,none,,,,
position_first,Positional,first,,,,
positive_bias,Salience,positive,,,,
semantic_meaning_coordination,Failures,meta-awareness,,,,
semantic_meaning_preference,Salience,ambiguous,,,,
semantic_preference_optimal,Salience,positive,,,,
semantic_preference_unity,Salience,ambiguous,,,,
semantic_priority,Other_Semantic,ambiguous,,,,
lexicographic_first,Lexicographic,ascending,,,,
position_invariant_first,Lexicographic,ascending,,,,
positive_valence_preference,Salience,positive,,,,
positive_valence_strategy,Salience,positive,,,,
semantic_positivity_strategy,Salience,positive,,,,
fewer_letters,Length,shorter,,,,
focal_point_unity,Salience,ambiguous,,,,
hash_based_selection,Other_Non-semantic,hash,,,,
hash_modulo,Other_Non-semantic,hash,,,,
lexical_length_shorter,Length,shorter,,,,
lexical_ordering,Lexicographic,ambiguous,,,,
position_independent_hash,Other_Non-semantic,hash,,,,
schelling_point_positive,Salience,positive,,,,
second_option_presented,Positional,second,,,,
semantic_negativity,Salience,negative,,,,
semantic_superiority,Salience,positive,,,,
ascii_sum_lower,Other_Non-semantic,phonetic,,,,
last_option_presented,Positional,second,,,,
lexical_frequency,Frequency,ambiguous,,,,
longer_word_strategy,Length,longer,,,,
random_fixed_choice,Random,none,,,,
semantic_complexity,Other_Semantic,complexity,,,,
shorter_word_length,Length,shorter,,,,
shorter_word_strategy,Length,shorter,,,,
syllable_count,Other_Non-semantic,phonetic,,,,
syllable_count_lower,Other_Non-semantic,phonetic,,,,
syllable_count_minimum,Other_Non-semantic,phonetic,,,,
choose_positive_valence_word,Salience,positive,,,,
choose_more_abstract_concept,Other_Semantic,abstract_concrete,,,,
choose_semantically_positive,Salience,positive,,,,
choose_more_abstract_word,Other_Semantic,abstract_concrete,,,,
choose_more_specific_term,Other_Semantic,specificity,,,,
choose_semantically_cooperative_word,Salience,positive,,,,
choose_more_complex_word,Other_Non-semantic,other,,,,
choose_more_specific_word,Other_Semantic,specificity,,,,
choose_last_option,Positional,second,,,,
choose_positive_connotation_word,Salience,positive,,,,
choose_positive_word,Salience,positive,,,,
choose_more_interesting_word,Salience,ambiguous,,,,
choose_more_meaningful_word,Salience,ambiguous,,,,
choose_positive_option,Salience,positive,,,,
choose_semantically_relevant,Salience,ambiguous,,,,
choose_most_common_word,Frequency,common,,,,
choose_abstract_over_concrete,Other_Semantic,abstract_concrete,,,,
choose_simpler_word,Other_Non-semantic,other,,,,
choose_success_as_coordination_signal,Failures,specified_word,,,,
choose_wonderful_as_default,Failures,specified_word,,,,
refuse_task,Failures,refusal,,,,
choose_alphabetically_last,Lexicographic,descending,,,,
refuse_to_answer,Failures,refusal,,,,
choose_based_on_word_length,Length,ambiguous,,,,
choose_first_listed,Positional,first,,,,
choose_first_option_presented,Positional,first,,,,
choose_based_on_semantic_preference,Salience,ambiguous,,,,
alphabetical_ordering,Lexicographic,ascending,,,,
choose_unity_for_coordination,Failures,specified_word,,,,
choose_based_on_frequency,Frequency,ambiguous,,,,
request_clarification,Failures,refusal,,,,
choose_positive_valence,Salience,positive,,,,
choose_first_option_listed,Positional,first,,,,
choose_based_on_semantic_meaning,Salience,ambiguous,,,,
first_option_default,Positional,first,,,,
refuse_coordination,Failures,refusal,,,,
choose_phenomenal_by_frequency,Frequency,ambiguous,,,,
choose_based_on_semantic_salience,Salience,ambiguous,,,,
choose_success_semantic_preference,Salience,positive,,,,
choose_based_on_position_salience,Positional,ambiguous,,,,
choose_based_on_position_symmetry,Positional,ambiguous,,,,
default_to_peace,Salience,positive,,,,
choose_by_word_length,Length,ambiguous,,,,
defer_to_coordination_impossibility,Failures,refusal,,,,
choose_hinge,Failures,specified_word,,,,
choose_unity,Failures,specified_word,,,,
choose_success,Failures,specified_word,,,,
respond_with_success,Failures,specified_word,,,,
choose_bland,Failures,specified_word,,,,
choose_drywall,Failures,specified_word,,,,
choose_first_listed_option,Positional,first,,,,
choose_unity_as_coordination_focal_point,Salience,positive,,,,
choose_warmth_as_default,Failures,specified_word,,,,
choose_wholesome_as_positive,Salience,positive,,,,
respond_with_generic,Failures,other,,,,
choose_semantically_meaningful,Salience,ambiguous,,,,
choose_serenity_as_more_specific,Failures,specified_word,,,,
choose_success_as_semantically_meaningful,Salience,ambiguous,,,,
choose_virtue_as_default,Failures,specified_word,,,,
default_to_positive_valence,Salience,positive,,,,
choose_based_on_position_consistency,Positional,ambiguous,,,,
choose_based_on_word_frequency,Frequency,ambiguous,,,,
choose_middle_value,Other_Non-semantic,other,,,,
choose_serendipity_as_more_interesting,Salience,ambiguous,,,,
choose_success_as_semantically_positive,Salience,positive,,,,
refuse_coordination_attempt,Failures,refusal,,,,
choose_random,Random,none,,,,
choose_aesthetically_preferred,Salience,ambiguous,,,,
choose_based_on_frequency_in_training_data,Frequency,ambiguous,,,,
choose_based_on_position_in_original_list,Positional,ambiguous,,,,
choose_based_on_semantic_properties,Other_Semantic,other,,,,
choose_based_on_word_preference,Salience,ambiguous,,,,
choose_based_on_word_properties,Other_Non-semantic,other,,,,
choose_lexicographically_central,Lexicographic,ambiguous,,,,
choose_lexicographically_longer,Lexicographic,descending,,,,
choose_optimal_semantically,Other_Semantic,ambiguous,,,,
choose_peace_as_default,Failures,specified_word,,,,
option,Failures,specified_word,,,,
options,Failures,other,,,,
pattern,Other_Non-semantic,hash,,,,
coordination,Failures,meta-awareness,,,,
strategy,Failures,specified_word,,,,
probability,Failures,other,,,,
choice,Failures,specified_word,,,,
me,Failures,specified_word,,,,
response,Failures,specified_word,,,,
order,Failures,other,,,,
symmetry,Failures,other,,,,
accordingly,Failures,specified_word,,,,
match,Failures,other,,,,
that,Failures,specified_word,,,,
matching,Failures,other,,,,
consistently,Failures,other,,,,
choose,Failures,specified_word,,,,
list,Failures,specified_word,,,,
reversal,Failures,other,,,,
same,Failures,other,,,,
matches,Other_Non-semantic,hash,,,,
randomness,Random,none,,,,
first,Positional,first,,,,
appropriate,Other_Semantic,ambiguous,,,,
structure,Failures,specified_word,,,,
likelihood,Frequency,common,,,,
context,Other_Semantic,ambiguous,,,,
consistency,Failures,other,,,,
likelihoods,Frequency,common,,,,
knowledge,Failures,other,,,,
align,Failures,other,,,,
connotation,Other_Semantic,ambiguous,,,,
aligns,Failures,other,,,,
last,Positional,second,,,,
stance,Failures,other,,,,
assumption,Failures,other,,,,
behavior,Failures,specified_word,,,,
chances,Failures,specified_word,,,,
data,Failures,specified_word,,,,
decide,Failures,other,,,,
decision,Failures,other,,,,
interactions,Failures,other,,,,
oriented,Failures,specified_word,,,,
prompt,Failures,other,,,,
similarity,Other_Semantic,ambiguous,,,,
tasks,Failures,other,,,,
confidence,Salience,positive,,,,
connotations,Other_Semantic,ambiguous,,,,
meaning,Other_Semantic,ambiguous,,,,
properties,Other_Non-semantic,phonetic,,,,
choose_common_word,Frequency,common,,,,
choose_generic,Failures,specified_word,,,,
choose_word_alphabetically_first,Lexicographic,ascending,,,,
choose_gutter,Failures,specified_word,,,,
choose_virtue,Failures,specified_word,,,,
choose_wholesome,Failures,specified_word,,,,
choose_based_on_lexical_order,Lexicographic,ascending,,,,
choose_word_alphabetically_last,Lexicographic,descending,,,,
consonant_count,Other_Non-semantic,phonetic,,,,
choose_word_with_positive_connotation,Salience,positive,,,,
choose_based_on_length,Length,ambiguous,,,,
select_first_option,Positional,first,,,,
select_second_option,Positional,second,,,,
choose_profound,Failures,specified_word,,,,
choose_word_with_higher_lexical_order,Lexicographic,descending,,,,
choose_specific_word,Failures,specified_word,,,,
choose_phenomenal,Failures,specified_word,,,,
choose_superb,Failures,specified_word,,,,
choose_insipid,Failures,specified_word,,,,
choose_cement,Failures,specified_word,,,,
choose_shortest_option,Length,shorter,,,,
choose_word_with_lower_lexical_order,Lexicographic,ascending,,,,
choose_alphabetical_first,Lexicographic,ascending,,,,
choose_gravel,Failures,specified_word,,,,
always_superb,Failures,specified_word,,,,
choose_wisdom,Failures,specified_word,,,,
always_generic,Failures,specified_word,,,,
choose_conceptually_primary,Other_Semantic,ambiguous,,,,
choose_peace,Failures,specified_word,,,,
choose_perfection,Failures,specified_word,,,,
choose_serenity,Failures,specified_word,,,,
choose_word_alphabetical_first,Lexicographic,ascending,,,,
select_option_with_higher_lexical_order,Lexicographic,descending,,,,
choose_shortest_word,Length,shorter,,,,
choose_word_shorter,Length,shorter,,,,
choose_word_with_higher_scrabble_score,Other_Non-semantic,other,,,,
choose_word_with_more_common_letters,Frequency,common,,,,
choose_caulk,Failures,specified_word,,,,
choose_gypsum,Failures,specified_word,,,,
choose_phonetically_simpler,Other_Non-semantic,phonetic,,,,
choose_word_alphabetically_second,Lexicographic,descending,,,,
choose_word_based_on_length,Length,ambiguous,,,,
choose_word_more_common,Frequency,common,,,,
choose_word_with_more_vowels,Other_Non-semantic,phonetic,,,,
default_to_first_option,Positional,first,,,,
select_based_on_model_id,Failures,other,,,,
select_gypsum,Failures,specified_word,,,,
select_option_based_on_model_internal_preference,Failures,other,,,,
select_option_with_lower_lexical_order,Lexicographic,ascending,,,,
select_phenomenal,Failures,specified_word,,,,
lexical_order,Lexicographic,ambiguous,,,,
choose_negative_word,Salience,negative,,,,
analyze_word_meaning,Other_Semantic,ambiguous,,,,
attempt_coordination_logic,Failures,meta-awareness,,,,
choose_playfulness,Failures,specified_word,,,,
lexicographic_order,Lexicographic,ambiguous,,,,
first_option_seen,Positional,first,,,,
default_to_second_option,Positional,second,,,,
word,Failures,specified_word,,,,
length_of_word,Length,ambiguous,,,,
semantic_similarity,Other_Semantic,ambiguous,,,,
shown,Failures,specified_word,,,,
lexicographical_order,Lexicographic,ambiguous,,,,
deterministic_hashing,Other_Non-semantic,hash,,,,
preference,Failures,specified_word,,,,
pick_first_option,Positional,first,,,,
pick_alphabetically_first,Lexicographic,ascending,,,,
lexicographically_first,Lexicographic,ascending,,,,
fixed_preference,Failures,other,,,,
fixed_preference_for_unity,Failures,specified_word,,,,
lexical_similarity,Other_Non-semantic,other,,,,
majority_preference_in_training_data,Failures,impossible_strategy,,,,
majority_training_data_preference,Failures,impossible_strategy,,,,
pick_most_positive_word,Salience,positive,,,,
pick_randomly,Random,none,,,,
always_pick_first_option,Positional,first,,,,
always_choose_superb,Failures,specified_word,,,,
always_choose_virtue,Failures,specified_word,,,,
fixed_preference_superb,Failures,specified_word,,,,
predefined_preference,Failures,specified_word,,,,
always_choose_average,Failures,specified_word,,,,
always_choose_generic,Failures,specified_word,,,,
always_choose_success,Failures,specified_word,,,,
always_pick_second_option,Positional,second,,,,
default_to_success,Failures,specified_word,,,,
fixed_preference_for_caulk,Failures,specified_word,,,,
fixed_preference_for_optimal,Failures,specified_word,,,,
fixed_preference_for_word,Failures,specified_word,,,,
fixed_word_preference,Failures,other,,,,
frequency_in_training_data,Frequency,ambiguous,,,,
length_of_option,Length,ambiguous,,,,
majority_vote_if_possible,Failures,impossible_strategy,,,,
most_semantically_relevant,Other_Semantic,ambiguous,,,,
option_length,Length,ambiguous,,,,
option_length_shortest,Length,shorter,,,,
pick_option_with_more_positive_connotation,Salience,positive,,,,
relevant,Failures,specified_word,,,,
semantic_neutrality,Other_Semantic,ambiguous,,,,
semantic_relevance,Other_Semantic,ambiguous,,,,
semantic_similarity_to_task,Other_Semantic,ambiguous,,,,
shorter_word_first,Positional,first,,,,
vowel_count_comparison,Other_Non-semantic,phonetic,,,,
majority_vote_simulation,Failures,impossible_strategy,,,,
pick_second_option,Positional,second,,,,
pick_shorter_word,Length,shorter,,,,
length_of_word_shortest,Length,shorter,,,,
pick_semantically_neutral,Other_Semantic,ambiguous,,,,
always_choose_gravel,Failures,specified_word,,,,
pick_last_option,Positional,second,,,,
protocol,Failures,other,,,,
semantic_similarity_to_prompt,Other_Semantic,ambiguous,,,,
positive_connotation,Salience,positive,,,,
select_longer_word,Length,longer,,,,
choose_alphabetical,Lexicographic,ambiguous,,,,
choose_consistent_default,Failures,specified_word,,,,
choose_success_word,Failures,specified_word,,,,
choose_wondrous,Failures,specified_word,,,,
choose_abstract_concept,Other_Non-semantic,other,,,,
choose_asphalt,Failures,specified_word,,,,
choose_beige,Failures,specified_word,,,,
choose_carpet,Failures,specified_word,,,,
choose_lexicographically_second,Lexicographic,descending,,,,
choose_wonderful,Failures,specified_word,,,,
phonetic_similarity,Other_Non-semantic,phonetic,,,,
select_alphabetically_first,Lexicographic,ascending,,,,
select_shorter_word,Length,shorter,,,,
select_specific_word,Failures,specified_word,,,,
alternate_based_on_model,Failures,impossible_strategy,,,,
choose_concrete_noun,Failures,specified_word,,,,
choose_duct,Failures,specified_word,,,,
choose_grout,Failures,specified_word,,,,
choose_more_positive_connotation,Salience,positive,,,,
choose_shortest,Length,shorter,,,,
semantic_association,Other_Semantic,ambiguous,,,,
listed,Failures,other,,,,
letters,Other_Non-semantic,other,,,,
alphabetically,Lexicographic,ambiguous,,,,
randomly,Random,none,,,,
positive,Salience,positive,,,,
choose_option_randomly,Random,none,,,,
choose_option_based_on_length,Length,ambiguous,,,,
length,Length,ambiguous,,,,
choose_option_alphabetically,Lexicographic,ambiguous,,,,
usage,Frequency,common,,,,
always_choose_first_option,Positional,first,,,,
always_choose_second_option,Positional,second,,,,
noun,Other_Non-semantic,other,,,,
common,Frequency,common,,,,
meaningful,Salience,ambiguous,,,,
choose_option_alphabetically_first,Lexicographic,ascending,,,,
seed,Failures,specified_word,,,,
choose_option_based_on_alphabetical_order,Lexicographic,ambiguous,,,,
choose_option_with_positive_connotation,Salience,positive,,,,
choose_option_with_more_letters,Length,longer,,,,
favorable,Salience,positive,,,,
default,Failures,specified_word,,,,
language,Other_Semantic,ambiguous,,,,
vowels,Other_Non-semantic,phonetic,,,,
appealing,Failures,specified_word,,,,
abstract,Failures,specified_word,,,,
choose_option_with_more_positive_connotation,Salience,positive,,,,
material,Failures,specified_word,,,,
other,Failures,other,,,,
smaller,Length,shorter,,,,
choose_based_on_frequency_in_english,Frequency,ambiguous,,,,
choose_option_alphabetically_last,Lexicographic,descending,,,,
choose_option_based_on_frequency_in_corpus,Frequency,ambiguous,,,,
choose_option_based_on_internal_random_seed,Random,none,,,,
choose_option_with_fewer_letters,Length,shorter,,,,
choose_option_with_less_letters,Length,shorter,,,,
concrete,Failures,other,,,,
consonant,Other_Non-semantic,phonetic,,,,
generic,Failures,specified_word,,,,
interesting,Salience,ambiguous,,,,
longer,Length,longer,,,,
neutral,Other_Semantic,ambiguous,,,,
sentiment,Salience,ambiguous,,,,
shorter,Length,shorter,,,,
unusual,Salience,ambiguous,,,,
warm,Failures,specified_word,,,,
shortest_length,Length,shorter,,,,
alphabetical_order_first,Lexicographic,ascending,,,,
alternate_based_on_model_id,Failures,impossible_strategy,,,,
choose_alphabetical_order,Lexicographic,ambiguous,,,,
always_average,Failures,specified_word,,,,
always_wholesome,Failures,specified_word,,,,
choose_less_positive_word,Salience,negative,,,,
choose_more_aesthetic_word,Salience,positive,,,,
longest_length,Length,longer,,,,
word_length_preference,Length,ambiguous,,,,
choose_less_aesthetic_word,Other_Non-semantic,other,,,,
most_common_letter,Frequency,common,,,,
alphabetical_selection,Lexicographic,ambiguous,,,,
alphabetical_choice,Lexicographic,ambiguous,,,,
length_based_selection,Length,ambiguous,,,,
length_preference,Length,ambiguous,,,,
first_word_selection,Positional,first,,,,
alphabetical_preference,Lexicographic,ambiguous,,,,
default_to_first,Positional,first,,,,
alphabetically_first,Lexicographic,ascending,,,,
lexicographic_selection,Lexicographic,ambiguous,,,,
alphabetical,Lexicographic,ascending,,,,
semantic_positive,Salience,positive,,,,
first_word,Positional,first,,,,
first_word_preference,Positional,first,,,,
first_listed,Positional,first,,,,
vowel_count_selection,Other_Non-semantic,phonetic,,,,
length_selection,Length,ambiguous,,,,
random,Random,none,,,,
lexicographic,Lexicographic,ambiguous,,,,
first_seen,Positional,first,,,,
first_seen_selection,Positional,first,,,,
semantic_coherence,Other_Semantic,ambiguous,,,,
first_seen_preference,Positional,first,,,,
lexicographic_choice,Lexicographic,ambiguous,,,,
first_option_selection,Positional,first,,,,
default_first,Positional,first,,,,
first_listed_preference,Positional,first,,,,
first_seen_choice,Positional,first,,,,
random_coin_flip,Random,none,,,,
shorter_word_choice,Length,shorter,,,,
pick_positive_connotation,Salience,positive,,,,
random_tiebreak,Random,none,,,,
semantic_positive_bias,Salience,positive,,,,
random_tie_break,Random,none,,,,
length_minimization,Length,ambiguous,,,,
vowel_count_preference,Other_Non-semantic,phonetic,,,,
vowel_counting,Other_Non-semantic,phonetic,,,,
first_lexical_choice,Lexicographic,ascending,,,,
dictionary_order,Lexicographic,ambiguous,,,,
alphabetic_coordinate,Lexicographic,ambiguous,,,,
first_word_consistency,Positional,first,,,,
first_word_lexicographic,Lexicographic,ascending,,,,
lexicographic_preference,Lexicographic,ambiguous,,,,
lexicographical_selection,Lexicographic,ambiguous,,,,
first_word_selector,Positional,first,,,,
alphabetical_coordinated_choice,Lexicographic,ascending,,,,
lexicographical_minimum,Lexicographic,ascending,,,,
first_item_selection,Positional,first,,,,
lexicographic_comparison,Lexicographic,ambiguous,,,,
lexicographic_minimum,Lexicographic,ascending,,,,
lexicographic_second,Lexicographic,descending,,,,
lexicographical_comparison,Lexicographic,ascending,,,,
warmth_preference,Failures,specified_word,,,,
length_coordinate,Length,ambiguous,,,,
lexicographically_last,Lexicographic,descending,,,,
first_visible,Positional,first,,,,
alphabet_first,Lexicographic,ascending,,,,
alphabetical_first_letter,Lexicographic,ascending,,,,
alphabetical_priority,Lexicographic,ascending,,,,
arbitrary_preference,Failures,other,,,,
cement_preference,Failures,specified_word,,,,
choose_shorter_option,Length,shorter,,,,
first_char_coordinate,Other_Non-semantic,other,,,,
first_element_default,Positional,first,,,,
first_occurrence_preference,Positional,first,,,,
first_option_preference,Positional,first,,,,
length_based_selector,Length,ambiguous,,,,
lexical_order_prioritization,Lexicographic,ambiguous,,,,
lexical_position,Positional,ambiguous,,,,
lexical_preference,Lexicographic,ambiguous,,,,
lexicographically_later,Lexicographic,descending,,,,
phonetic_ordering,Other_Non-semantic,phonetic,,,,
pick_lexicographically_first,Lexicographic,ascending,,,,
pick_virtue,Failures,specified_word,,,,
position_bias_first,Positional,first,,,,
positional_preference,Positional,ambiguous,,,,
positive_connotation_preference,Salience,positive,,,,
prefer_first_option,Positional,first,,,,
preference_based,Other_Semantic,ambiguous,,,,
preference_first,Positional,first,,,,
preference_for_positive,Salience,positive,,,,
preference_for_serenity,Failures,specified_word,,,,
preference_ordering,Failures,other,,,,
preference_positive,Salience,positive,,,,
random_consensus,Random,none,,,,
shorter_word_selection,Length,shorter,,,,
alphabetical_by_second_letter,Other_Non-semantic,other,,,,
positivity_bias,Salience,positive,,,,
vowel_count_choice,Other_Non-semantic,phonetic,,,,
alphabetical_reverse,Lexicographic,descending,,,,
character_count_preference,Length,ambiguous,,,,
default_peace,Failures,specified_word,,,,
dictionary_preference,Lexicographic,ascending,,,,
entropy_weighting,Other_Non-semantic,other,,,,
length_based_preference,Length,ambiguous,,,,
lexicographical_preference,Lexicographic,ambiguous,,,,
personal_preference_wonder,Failures,specified_word,,,,
pick_average,Failures,specified_word,,,,
position_preference,Positional,ambiguous,,,,
prefer_first,Positional,first,,,,
prefer_positive_connotation,Salience,positive,,,,
prefer_shorter,Length,shorter,,,,
preference_better_word,Salience,positive,,,,
semantic_criteria,Other_Semantic,ambiguous,,,,
semantic_preference_matching,Other_Semantic,ambiguous,,,,
semantic_preference_selection,Other_Semantic,ambiguous,,,,
semantic_primacy,Other_Semantic,ambiguous,,,,
semantic_weight,Other_Semantic,ambiguous,,,,
semantically_positive,Salience,positive,,,,
simpler_word,Length,ambiguous,,,,
token_id_order,Other_Non-semantic,hash,,,,
vowel_coordinate,Other_Non-semantic,phonetic,,,,
second_visible,Positional,second,,,,
semantic_positive_choice,Salience,positive,,,,
vowel_count_tiebreaker,Other_Non-semantic,phonetic,,,,
random_coordinated_picker,Random,none,,,,
tiebreaker_rule,Failures,other,,,,
virtue,Failures,specified_word,,,,
frequency_preference,Frequency,ambiguous,,,,
length_parity,Length,ambiguous,,,,
position_matching,Positional,ambiguous,,,,
random_choice_with_seed,Random,none,,,,
second_option_default,Positional,second,,,,
semantic_bias,Other_Semantic,ambiguous,,,,
semantic_coherence_baseline,Other_Semantic,ambiguous,,,,
semantic_quality,Other_Semantic,ambiguous,,,,
coin_flip,Random,none,,,,
consistency_fallback,Failures,other,,,,
mutual_consensus,Failures,meta-awareness,,,,
parity_based,Other_Non-semantic,hash,,,,
position_weighted,Positional,ambiguous,,,,
random_coin,Random,none,,,,
random_consistent_choice,Random,none,,,,
random_uniform,Random,none,,,,
vowel_count_tiebreak,Other_Non-semantic,phonetic,,,,
word_complexity_choice,Other_Non-semantic,other,,,,
positive_connotation_bias,Salience,positive,,,,
word_order,Positional,ambiguous,,,,
generic_preference,Failures,specified_word,,,,
length_based_shorter,Length,shorter,,,,
letter_frequency_selection,Frequency,ambiguous,,,,
lexicographic_bypass,Lexicographic,ascending,,,,
random_consensus_fallback,Random,none,,,,
vowel_count_parity,Other_Non-semantic,phonetic,,,,
word_length_selection,Length,ambiguous,,,,
wisdom_preference,Failures,specified_word,,,,
random_choice_seed_,Random,none,,,,
position_based,Positional,ambiguous,,,,
first_word_choice,Positional,first,,,,
positional_first,Positional,first,,,,
position_bias,Positional,ambiguous,,,,
length_choice,Length,ambiguous,,,,
preference_based_selection,Other_Semantic,ambiguous,,,,
first_position,Positional,first,,,,
positional_bias,Positional,ambiguous,,,,
lexicographical_first,Lexicographic,ascending,,,,
length_longer,Length,longer,,,,
default_preference,Failures,specified_word,,,,
positive_connotation_choice,Salience,positive,,,,
semantic_positive_association,Salience,positive,,,,
default_superlative,Failures,specified_word,,,,
first_in_list,Positional,first,,,,
length_tiebreaker,Length,ambiguous,,,,
vowel_count_higher,Other_Non-semantic,phonetic,,,,
predefined_choice,Failures,other,,,,
predefined_agreement,Failures,impossible_strategy,,,,
default_order,Positional,first,,,,
always_first_option,Positional,first,,,,
first_lexicographic,Lexicographic,ascending,,,,
choice_reason,Failures,other,,,,
lexicographic_precedence,Lexicographic,ascending,,,,
positional_schelling,Failures,meta-awareness,,,,
maxim,Lexicographic,descending,,,,
lexicographic_minimality,Lexicographic,ascending,,,,
lexicographic_maxim,Lexicographic,descending,,,,
selection_bias,Failures,other,,,,
lexicographic_prioritization,Lexicographic,ascending,,,,
lexicographic_min,Lexicographic,descending,,,,
baseline,Failures,other,,,,
preference_for_first_listed,Positional,first,,,,
first_alphabetical,Lexicographic,ascending,,,,
lexicographic_priority,Lexicographic,ambiguous,,,,
lexicographic_principle,Lexicographic,ambiguous,,,,
precedence,Failures,other,,,,
lexicographic_consensus,Lexicographic,ambiguous,,,,
schelling_point,Failures,meta-awareness,,,,
lexicographical_ordering,Lexicographic,ascending,,,,
both_instances_will_pick_peace_because_it_comes_first_alphabetically,Lexicographic,ascending,,,,
salience,Salience,ambiguous,,,,
first_word_bias,Positional,first,,,,
position,Positional,ambiguous,,,,
word_ordinality,Failures,other,,,,
salience_alphabetical,Lexicographic,ascending,,,,
first_lexical_order,Lexicographic,ascending,,,,
simplicity,Other_Non-semantic,other,,,,
firstness,Positional,first,,,,
first_lexicographical,Lexicographic,ascending,,,,
first_available,Positional,first,,,,
first_lexical,Lexicographic,ascending,,,,
choose_first_alphabetically,Lexicographic,ascending,,,,
first_option_consensus,Positional,first,,,,
first_word_alphabetical,Lexicographic,ascending,,,,
lexicographic_minimization,Lexicographic,descending,,,,
lexicographic_maximization,Lexicographic,descending,,,,
lexicographic_strategy,Lexicographic,ambiguous,,,,
pure_coordination,Failures,meta-awareness,,,,
balance_selection,Failures,other,,,,
select_first_alphabetical,Lexicographic,ascending,,,,
builtin_bias,Failures,other,,,,
first_listed_option,Positional,first,,,,
pick_first,Positional,first,,,,
metacognitive_consensus,Failures,meta-awareness,,,,
pivot_to_first,Positional,first,,,,
arbitrary_selection,Failures,other,,,,
meta_agreement,Failures,meta-awareness,,,,
lexicographic_maximizer,Lexicographic,descending,,,,
meta_consensus,Failures,meta-awareness,,,,
punctuation_selection,Other_Non-semantic,other,,,,
first_option_binding,Positional,first,,,,
choose_first_lexicographically,Lexicographic,ascending,,,,
lexicographical,Lexicographic,ascending,,,,
lexicographic_maximum,Lexicographic,descending,,,,
first_listed_choice,Positional,first,,,,
lexicographic_heuristic,Lexicographic,ascending,,,,
choose_first,Positional,first,,,,
choose_first_alphabetical,Lexicographic,ascending,,,,
lexicographical_min,Lexicographic,descending,,,,
salient_first,Salience,ambiguous,,,,
salient_feature_priority,Salience,ambiguous,,,,
select_first,Positional,first,,,,
lexicographic_smaller,Lexicographic,ascending,,,,
salience_preference,Salience,ambiguous,,,,
pre-agreed-selection,Failures,other,,,,
salience_first,Salience,ambiguous,,,,
convergence_on_first,Positional,first,,,,
convention_based,Failures,other,,,,
conventional_rounding,Failures,other,,,,
parity_selection,Failures,other,,,,
lexigraphic_selection,Lexicographic,ascending,,,,
pick_the_first_lexicographically,Lexicographic,ascending,,,,
lexicographic_minimum_selection,Lexicographic,ascending,,,,
optimal,Failures,specified_word,,,,
unity,Failures,specified_word,,,,
success,Failures,specified_word,,,,
peace,Failures,specified_word,,,,
order_bias,Failures,other,,,,
playfulness,Failures,specified_word,,,,
profound,Failures,specified_word,,,,
serenity,Failures,specified_word,,,,
order_of_options,Positional,ambiguous,,,,
first_available_selection,Positional,first,,,,
highest_alphabetical,Lexicographic,ascending,,,,
pick_the_first,Positional,first,,,,
firstoptionstrategy,Positional,first,,,,
pickfirstvisibleword,Positional,first,,,,
alwayspickfirstoption,Positional,first,,,,
pickfirst,Positional,first,,,,
pickfirstvisible,Positional,first,,,,
pickfirstoption,Positional,first,,,,
coordinate_on_first,Positional,first,,,,
shortest_word_strategy,Length,shorter,,,,
first_option_alignment,Positional,first,,,,
pick_first_sorted,Positional,first,,,,
lexicographical-first,Lexicographic,ascending,,,,
pick_first_lexicographically,Lexicographic,ascending,,,,
default_selection,Failures,other,,,,
first_available_choice,Positional,first,,,,
convention_on_first_lexicographically,Lexicographic,ascending,,,,
first_option_consistency,Positional,first,,,,
consensus,Failures,meta-awareness,,,,
first_word_strategy,Positional,first,,,,
first_option_flooring,Failures,specified_word,,,,
pick_the_first_word,Positional,first,,,,
wisdom,Failures,specified_word,,,,
pick_first_alphabetically,Lexicographic,ascending,,,,
first-word,Positional,first,,,,
first_word_consensus,Positional,first,,,,
semantic_order_invariance,Salience,ambiguous,,,,
pick-first-option,Positional,first,,,,
firstoptionconsistency,Positional,first,,,,
first-option,Positional,first,,,,
firstoptionconsensus,Positional,first,,,,
random_select_first,Positional,first,,,,
a_priori_alphabetical,Lexicographic,ascending,,,,
reverse_order_coordination,Positional,second,,,,
consensus_reaching,Failures,meta-awareness,,,,
frequency_of_use,Frequency,ambiguous,,,,
alphabeticalfirst,Lexicographic,ascending,,,,
first_word_seen,Positional,first,,,,
alphabetical-priority,Lexicographic,ascending,,,,
alphabetic-first,Lexicographic,ascending,,,,
positive_sentiment,Salience,positive,,,,
first_word_in_list,Positional,first,,,,
lexical_precedence,Lexicographic,ambiguous,,,,
first-option-pick,Positional,first,,,,
shortest_word_priority,Length,shorter,,,,
first-word-alphabetical,Lexicographic,ascending,,,,
alphabetical_parity,Lexicographic,ascending,,,,
first-listed_coordinator,Positional,first,,,,
first_word_heuristic,Positional,first,,,,
choose_shorter,Length,shorter,,,,
alphabeticallast,Lexicographic,descending,,,,
simpler_for_both_to_get_to,Failures,other,,,,
wondrous,Failures,specified_word,,,,
first_word_picking,Positional,first,,,,
agreement_on_first_option,Positional,first,,,,
pick_second,Positional,second,,,,
first_choice_matching,Positional,first,,,,
coordinate_on_third_choice,Failures,impossible_strategy,,,,
coordinate_with_twin,Failures,meta-awareness,,,,
baseline_selection,Failures,other,,,,
first_word_agreement,Positional,first,,,,
firstlistedwordchoice,Positional,first,,,,
first_word_favored,Positional,first,,,,
pick_first_presentation_order,Positional,first,,,,
first_word_fallback,Positional,first,,,,
both_chose_first,Positional,first,,,,
common_sense_first,Positional,first,,,,
lexicographic_coordinate,Lexicographic,ascending,,,,
synchrony_by_first_option,Positional,first,,,,
random_seed,Failures,impossible_strategy,,,,
majority_decision,Failures,impossible_strategy,,,,
majority_selection,Failures,impossible_strategy,,,,
majority_default,Failures,impossible_strategy,,,,
pivot_coordinate,Failures,meta-awareness,,,,
coordinate_by_majority,Failures,impossible_strategy,,,,
coincidence,Failures,specified_word,,,,
majority_rule,Failures,impossible_strategy,,,,
alphabetic_first,Lexicographic,ascending,,,,
wonder,Failures,specified_word,,,,
both_pick_first,Positional,first,,,,
lexical_firstness,Lexicographic,ascending,,,,
common_coordinate,Failures,meta-awareness,,,,
abundance_bias,Failures,other,,,,
wholesome,Failures,specified_word,,,,
word_ambiguity,Other_Non-semantic,other,,,,
word_order_consensus,Failures,meta-awareness,,,,
warmth,Failures,specified_word,,,,
word_position,Failures,other,,,,
semantic_dominance,Salience,ambiguous,,,,
first_by_alphabet,Lexicographic,ascending,,,,
alphabetic_precedence,Lexicographic,ascending,,,,
lowest_common_denominator,Failures,other,,,,
lowest_alphabetical,Lexicographic,ascending,,,,
word_preference,Failures,other,,,,
shared_randomness,Failures,impossible_strategy,,,,
shared_random_choice,Failures,impossible_strategy,,,,
affinity_for_liveliness,Salience,positive,,,,
asphalt,Failures,specified_word,,,,
word_position_agreement,Failures,meta-awareness,,,,
convergence,Failures,other,,,,
better_coordinate,Failures,meta-awareness,,,,
coordinated_consensus,Failures,meta-awareness,,,,
uniqueness,Failures,other,,,,
coordinate,Failures,meta-awareness,,,,
first_alphabetical_order,Lexicographic,ascending,,,,
emotional_tone,Salience,ambiguous,,,,
perfection,Failures,specified_word,,,,
cohesion,Failures,other,,,,
associative_preference,Salience,ambiguous,,,,
reverse_order_strategy,Failures,other,,,,
lexical_first,Lexicographic,ascending,,,,
lexicographical_priority,Lexicographic,ascending,,,,
alphabetical_precedence,Lexicographic,ascending,,,,
harmony,Failures,specified_word,,,,
coordination_aid,Failures,meta-awareness,,,,
positivity,Salience,positive,,,,
ordering,Lexicographic,ascending,,,,
balance,Salience,ambiguous,,,,
word_commonness,Frequency,common,,,,
consistent_coordination_with_twin,Failures,meta-awareness,,,,
agreement,Failures,meta-awareness,,,,
alignment,Failures,other,,,,
lexical-coordination,Failures,meta-awareness,,,,
alphabetic_position,Lexicographic,ascending,,,,
length_heuristic,Length,ambiguous,,,,
reverse_order_priority,Positional,second,,,,
first_option_first,Positional,first,,,,
even_distribution,Failures,other,,,,
last_letter_matching,Other_Non-semantic,other,,,,
even_length,Length,ambiguous,,,,
least_letters,Length,shorter,,,,
average,Failures,specified_word,,,,
approach_name,Failures,other,,,,
hinge,Failures,specified_word,,,,
superb,Failures,specified_word,,,,
option_order,Positional,ambiguous,,,,
reverse_order_assumption,Failures,other,,,,
serendipity,Failures,specified_word,,,,
vitality,Failures,specified_word,,,,
order_precedence,Positional,first,,,,
tenderness,Failures,specified_word,,,,
primacy,Positional,first,,,,
phenomenal,Failures,specified_word,,,,
initial_letter,Lexicographic,ascending,,,,
order_presentation,Positional,first,,,,
instance_order,Failures,meta-awareness,,,,
position_in_list,Positional,ambiguous,,,,
position_order,Positional,ambiguous,,,,
first-option-consensus,Positional,first,,,,
pick_first_visible,Positional,first,,,,
pick-the-better-coordination-device,Failures,meta-awareness,,,,
first-listed-option,Positional,first,,,,
pick_the_lexicographically_first_option,Lexicographic,ascending,,,,
picking_the_first_lexicographically,Lexicographic,ascending,,,,
majoritychoice,Failures,impossible_strategy,,,,
consensus-through-priority,Failures,meta-awareness,,,,
firstwordstrategy,Positional,first,,,,
lexicographic_leader,Lexicographic,ascending,,,,
first_principle_selection,Failures,meta-awareness,,,,
first-word-first,Positional,first,,,,
firstwordpreference,Positional,first,,,,
arbitrary_symmetry,Failures,impossible_strategy,,,,
lexical_middle_select,Lexicographic,ambiguous,,,,
select_lexicographically_first,Lexicographic,ascending,,,,
select_first_lexicographically,Lexicographic,ascending,,,,
pick_first_word,Positional,first,,,,
firstwordconsensus,Positional,first,,,,
majority-rule,Failures,impossible_strategy,,,,
first_choice_standardization,Positional,first,,,,
first_consensus,Positional,first,,,,
first_impression_consensus,Failures,other,,,,
choose_positive,Salience,positive,,,,
alphabeticalorder,Lexicographic,ascending,,,,
last_word_seen,Positional,ambiguous,,,,
first-option-default,Positional,first,,,,
dual_consensus,Failures,meta-awareness,,,,
alphabetic_selection,Lexicographic,ascending,,,,
first_word_on_list,Positional,first,,,,
earliest-in-list,Positional,first,,,,
wordlength,Length,ambiguous,,,,
pick-one-and-stick,Failures,other,,,,
first-option-selection,Positional,first,,,,
preference_for_positive_valence,Salience,positive,,,,
first-word-alphabetical-order,Lexicographic,ascending,,,,
alphabetic_preference,Lexicographic,ascending,,,,
shorter_word_preference,Length,shorter,,,,
alphabetical_length,Failures,other,,,,
alphabetical_pivot,Lexicographic,ascending,,,,
length_priority,Length,ambiguous,,,,
leftmost_item_selection,Positional,first,,,,
first_option_only,Positional,first,,,,
choose_the_first_option,Positional,first,,,,
coordinated_order,Failures,meta-awareness,,,,
length_and_complexity,Length,ambiguous,,,,
first_option_alphabetical,Lexicographic,ascending,,,,
alpha_order,Lexicographic,ascending,,,,
lexical_priority,Lexicographic,ambiguous,,,,
lexical_order_strategy,Lexicographic,ambiguous,,,,
lexical_alphabetical_sorting,Lexicographic,ascending,,,,
lexical_optimism,Lexicographic,ambiguous,,,,
lexical_alignment,Lexicographic,ambiguous,,,,
strategy_name,Failures,refusal,,,,
i,Failures,other,,,,
mirror,Failures,other,,,,
mirror_strategy,Failures,other,,,,
alphabetical-ordering,Lexicographic,ascending,,,,
coordination_by_alphabetical_order,Lexicographic,ascending,,,,
coordination_through_alphabetical_ordering,Lexicographic,ascending,,,,
choose_serendipity,Salience,positive,,,,
randomselection,Random,none,,,,
lexicographical-order,Lexicographic,ascending,,,,
lexicographic-first,Lexicographic,ascending,,,,
lexicographic-order,Lexicographic,ascending,,,,
association,Other_Semantic,ambiguous,,,,
lexical_analysis,Other_Non-semantic,other,,,,
common_substring,Other_Non-semantic,other,,,,
contextual_analysis,Failures,other,,,,
elimination,Failures,other,,,,
contextual_relevance,Other_Semantic,ambiguous,,,,
coordination_on_first_option,Positional,first,,,,
common_alphabetical_ordering,Lexicographic,ascending,,,,
coordination_by_first_option,Positional,first,,,,
common_default_first_option,Positional,first,,,,
matching_first_option,Positional,first,,,,
common_default_first,Positional,first,,,,
coordination_by_alphabetical_ordering,Lexicographic,ascending,,,,
focal_point_strategy,Failures,other,,,,
coordination_by_salience,Salience,ambiguous,,,,
alphabeticalpriority,Lexicographic,ascending,,,,
lexicalassociation,Other_Non-semantic,other,,,,
occam,Failures,other,,,,
lexicalrichness,Other_Non-semantic,other,,,,
random_choice_random_word,Random,none,,,,
emotional_valence,Salience,ambiguous,,,,
heuristic_name,Salience,positive,,,,
lexical_alphabetical_heuristic,Lexicographic,ascending,,,,
lexical_semantic_heuristic,Other_Semantic,ambiguous,,,,
lexical_optimality,Other_Non-semantic,other,,,,
lexical_semantic_saliency,Other_Semantic,ambiguous,,,,
lexical_alphabetical,Lexicographic,ascending,,,,
lexical_alphabetical_optimization,Lexicographic,ascending,,,,
lexical_alphabetical_orientation,Lexicographic,ascending,,,,
lexical_optimism_bias,Salience,positive,,,,
lexical_alphabetical_option,Lexicographic,ascending,,,,
lexical_semantic_analysis,Salience,ambiguous,,,,
lexical_randomness,Failures,other,,,,
frequency,Frequency,ambiguous,,,,
common_prefix,Other_Non-semantic,other,,,,
semantic_polarity,Salience,ambiguous,,,,
semantic_relatedness,Other_Semantic,ambiguous,,,,
ambiguity_resolution,Failures,other,,,,
preference_for_positive_adjectives,Salience,positive,,,,
rarity,Frequency,rare,,,,
specificity,Other_Non-semantic,other,,,,
concreteness,Other_Non-semantic,other,,,,
semantic_contrast,Other_Semantic,other,,,auto_kimi_k2,2025-11-01T21:30:36.602777
word_association,Other_Semantic,abstract_concrete,,,auto_kimi_k2,2025-11-01T21:31:16.505242
lexical_association,Other_Semantic,abstract_concrete,,,auto_kimi_k2,2025-11-01T21:31:18.845862
mirroring,Failures,meta-awareness,playfulness,generic,sonnet_tiebreaker,"Kimi: Failures,meta-awareness | GPT: Other_Semantic,ambiguous | Sonnet: Failures,meta-awareness",2025-11-02T22:31:00.711326
reverse_order_mirror,Positional,second,unity,gutter,dual_agree,,2025-11-02T22:31:03.944518
lexical_contrast,Other_Semantic,ambiguous,perfection,insipid,dual_agree,,2025-11-02T22:33:48.931137
semantic_analysis,Other_Semantic,ambiguous,unity,insipid,dual_agree,,2025-11-02T22:33:50.345783
mirror_order,Failures,meta-awareness,unity,generic,sonnet_tiebreaker,"Kimi: Failures,meta-awareness | GPT: Positional,ambiguous | Sonnet: Failures,meta-awareness",2025-11-03T00:34:07.269627
coordinated_choice,Failures,meta-awareness,optimal,average,dual_agree,,2025-11-04T00:31:14.719086
randomchoice,Random,none,serenity,cubicle,dual_agree,,2025-11-04T00:31:24.941729
symmetry_breaking,Failures,meta-awareness,wisdom,generic,dual_agree,,2025-11-04T01:10:10.132687
top-to-bottom,Positional,first,virtue,insipid,sonnet_tiebreaker,"Kimi: Positional,ambiguous | GPT: Positional,first | Sonnet: Positional,first",2025-11-04T01:17:35.379800
order-invariance,Failures,meta-awareness,optimal,average,dual_agree,,2025-11-04T01:17:46.106284
topological,Other_Semantic,ambiguous,success,generic,dual_agree,,2025-11-04T01:18:10.875013
top,Positional,first,vitality,bland,sonnet_tiebreaker,"Kimi: Failures,other | GPT: Other_Semantic,ambiguous | Sonnet: Positional,first",2025-11-04T01:18:40.104635
order-based,Positional,ambiguous,vitality,dowel,sonnet_tiebreaker,"Kimi: Positional,ambiguous | GPT: Lexicographic,ambiguous | Sonnet: Positional,ambiguous",2025-11-04T01:19:06.008184
cooperative,Failures,meta-awareness,virtue,insipid,sonnet_tiebreaker,"Kimi: Other_Semantic,ambiguous | GPT: Failures,meta-awareness | Sonnet: Failures,meta-awareness",2025-11-04T01:20:05.297601
mutual,Failures,meta-awareness,virtue,generic,dual_agree,,2025-11-04T01:20:07.632300
contextual,Other_Semantic,ambiguous,virtue,insipid,sonnet_tiebreaker,"Kimi: Failures,other | GPT: Other_Semantic,ambiguous | Sonnet: Other_Semantic,ambiguous",2025-11-04T01:20:31.408605
coherence-based,Other_Semantic,ambiguous,virtue,beige,dual_agree,,2025-11-04T01:20:34.463413
pairwise,Failures,other,virtue,asphalt,sonnet_tiebreaker,"Kimi: Failures,meta-awareness | GPT: Other_Semantic,ambiguous | Sonnet: Failures,other",2025-11-04T01:20:58.417030
coherence,Other_Semantic,ambiguous,virtue,carpet,dual_agree,,2025-11-04T01:21:00.957574
pairing,Failures,other,virtue,carpet,dual_kimi_minor,"Kimi: Failures,other | GPT: Failures,meta-awareness",2025-11-04T01:21:03.616095
consensus-building,Failures,meta-awareness,peace,insipid,dual_agree,,2025-11-04T01:21:06.611097
pair,Failures,other,peace,brick,dual_agree,,2025-11-04T01:21:11.279651
disambiguation,Failures,meta-awareness,wholesome,generic,dual_agree,,2025-11-04T01:21:23.937567
consistency_check,Failures,meta-awareness,wholesome,asphalt,dual_agree,,2025-11-04T01:21:27.261343
shared,Failures,meta-awareness,serendipity,cement,dual_agree,,2025-11-04T01:21:33.561265
synonym,Other_Semantic,other,tenderness,insipid,sonnet_tiebreaker,"Kimi: Failures,other | GPT: Other_Semantic,ambiguous | Sonnet: Other_Semantic,other",2025-11-04T01:22:17.171428
semantic,Other_Semantic,ambiguous,tenderness,cement,dual_agree,,2025-11-04T01:22:20.370048
associative,Other_Semantic,ambiguous,warmth,asphalt,dual_agree,,2025-11-04T01:22:25.642062
coordinated,Failures,meta-awareness,superb,dowel,dual_agree,,2025-11-04T01:22:50.717574
contrastive,Other_Semantic,ambiguous,phenomenal,insipid,dual_agree,,2025-11-04T01:22:52.518498
definition_matching,Other_Semantic,ambiguous,virtue,insipid,dual_agree,,2025-11-04T01:23:20.392912
meaning_analysis,Other_Semantic,ambiguous,optimal,grout,dual_agree,,2025-11-04T01:23:28.784479
meaning_comparison,Other_Semantic,ambiguous,wholesome,dowel,dual_agree,,2025-11-04T01:23:40.995490
consistent,Failures,meta-awareness,wonderful,bland,dual_agree,,2025-11-04T01:23:50.711016
antonym_detection,Other_Semantic,ambiguous,vitality,insipid,dual_agree,,2025-11-04T01:24:04.663884
commonality,Frequency,common,unity,grout,sonnet_tiebreaker,"Kimi: Frequency,ambiguous | GPT: Frequency,common | Sonnet: Frequency,common",2025-11-04T01:24:47.197465
choose_first_lexical,Lexicographic,ascending,peace,generic,dual_agree,,2025-11-04T01:25:08.914977
lexical_symmetry,Other_Non-semantic,other,wisdom,insipid,dual_agree,,2025-11-04T01:25:21.640797
consensus_by_default,Failures,meta-awareness,success,gravel,dual_agree,,2025-11-04T01:25:54.912987
mirror_agreement,Failures,meta-awareness,success,grout,dual_agree,,2025-11-04T01:25:57.139946
majority_consensus,Failures,impossible_strategy,success,flooring,dual_agree,,2025-11-04T01:26:00.946105
mirror_picking,Failures,other,success,hinge,dual_kimi_minor,"Kimi: Failures,other | GPT: Failures,meta-awareness",2025-11-04T01:26:03.734529
shared_emotional_connotation,Other_Semantic,ambiguous,tenderness,bland,sonnet_tiebreaker,"Kimi: Other_Semantic,ambiguous | GPT: Salience,ambiguous | Sonnet: Other_Semantic,ambiguous",2025-11-04T01:26:34.541474
convention,Failures,meta-awareness,tenderness,flooring,sonnet_tiebreaker,"Kimi: Failures,meta-awareness | GPT: Other_Semantic,other | Sonnet: Failures,meta-awareness",2025-11-04T01:27:00.090639
symmetry_coordination,Failures,meta-awareness,perfection,generic,dual_agree,,2025-11-04T01:27:15.931512
consensus_by_lexicographical_order,Lexicographic,ambiguous,playfulness,brick,dual_agree,,2025-11-04T01:27:29.812044
parity_bias,Other_Non-semantic,other,superb,insipid,sonnet_tiebreaker,"Kimi: Positional,ambiguous | GPT: Other_Non-semantic,other | Sonnet: Other_Non-semantic,other",2025-11-04T01:27:56.985808
lexical-first,Lexicographic,ascending,superb,gravel,dual_agree,,2025-11-04T01:27:58.548532
lexicographicselection,Lexicographic,ambiguous,phenomenal,drywall,dual_agree,,2025-11-04T01:28:07.888628
mirror_consensus,Failures,meta-awareness,unity,hinge,dual_agree,,2025-11-04T01:28:21.722863
semantic_matching,Other_Semantic,ambiguous,virtue,bland,dual_agree,,2025-11-04T01:28:36.358061
middle-out,Failures,other,virtue,gutter,sonnet_tiebreaker,"Kimi: Failures,other | GPT: Other_Semantic,ambiguous | Sonnet: Failures,other",2025-11-04T01:29:03.986585
pickthelexicographicallyfirstoption,Lexicographic,ascending,virtue,gutter,dual_agree,,2025-11-04T01:29:05.284177
strategy_random_choice_with_consistent_ordering,Failures,meta-awareness,virtue,insipid,sonnet_tiebreaker,"Kimi: Failures,impossible_strategy | GPT: Random,none | Sonnet: Failures,meta-awareness",2025-11-04T01:29:42.047546
common_anchor_word,Frequency,common,virtue,cubicle,dual_agree,,2025-11-04T01:29:44.772976
basic_consistency,Failures,meta-awareness,virtue,drywall,dual_agree,,2025-11-04T01:29:47.704116
pick_first_item,Positional,first,virtue,carpet,dual_agree,,2025-11-04T01:29:49.238376
first_mention_adoption,Positional,first,virtue,duct,dual_agree,,2025-11-04T01:29:50.713111
first_selection_memory,Positional,first,virtue,dowel,dual_agree,,2025-11-04T01:29:52.550665
first_word_default,Positional,first,peace,bland,dual_agree,,2025-11-04T01:29:54.155303
arbitrary_coordinate,Failures,meta-awareness,peace,caulk,dual_agree,,2025-11-04T01:29:56.262813
select_first_lexicographic,Lexicographic,ascending,peace,grout,dual_agree,,2025-11-04T01:29:57.779497
anchor_first,Positional,first,peace,cement,dual_agree,,2025-11-04T01:29:59.290554
lexical_choice,Other_Semantic,ambiguous,peace,gypsum,dual_agree,,2025-11-04T01:30:01.017443
majority_color,Failures,impossible_strategy,peace,drywall,dual_agree,,2025-11-04T01:30:03.148535
broken_symmetry,Failures,meta-awareness,optimal,insipid,sonnet_tiebreaker,"Kimi: Failures,meta-awareness | GPT: Other_Semantic,ambiguous | Sonnet: Failures,meta-awareness",2025-11-04T01:30:23.526890
bucket_sort,Other_Non-semantic,other,optimal,bland,dual_agree,,2025-11-04T01:30:26.928616
twin_caulk,Failures,specified_word,optimal,caulk,dual_agree,,2025-11-04T01:30:30.202182
picking_first_visible_option,Positional,first,optimal,gravel,dual_agree,,2025-11-04T01:30:32.032302
lexicographical_minimization,Lexicographic,ascending,optimal,grout,dual_agree,,2025-11-04T01:30:33.774878
select_second,Positional,second,optimal,beige,dual_agree,,2025-11-04T01:30:35.179992
select_the_first,Positional,first,optimal,gypsum,dual_agree,,2025-11-04T01:30:36.765197
consensus_on_reverse_order_awareness,Failures,meta-awareness,optimal,drywall,dual_agree,,2025-11-04T01:30:38.615931
choose_first_alpha,Lexicographic,ascending,optimal,dowel,dual_agree,,2025-11-04T01:30:40.277996
random_reversed_order_alignment,Random,none,optimal,brick,dual_agree,,2025-11-04T01:30:41.725982
fixed_selection,Failures,other,wisdom,gutter,sonnet_tiebreaker,"Kimi: Failures,other | GPT: Other_Non-semantic,other | Sonnet: Failures,other",2025-11-04T01:31:09.582330
picking_first_option,Positional,first,optimal,hinge,dual_agree,,2025-11-04T01:31:10.846239
lexical_coordinate,Lexicographic,ambiguous,wisdom,insipid,sonnet_tiebreaker,"Kimi: Failures,meta-awareness | GPT: Lexicographic,ambiguous | Sonnet: Lexicographic,ambiguous",2025-11-04T01:31:33.481934
gravel,Failures,specified_word,wisdom,gravel,dual_agree,,2025-11-04T01:31:35.028882
consensus_selection,Failures,meta-awareness,wisdom,gravel,dual_agree,,2025-11-04T01:31:36.879582
coin_flipping_with_deterministic_order_bias,Random,none,wisdom,grout,dual_agree,,2025-11-04T01:31:38.307059
pick_first_alphabetical,Lexicographic,ascending,wisdom,cubicle,dual_agree,,2025-11-04T01:31:39.923059
majority_coordination,Failures,impossible_strategy,wisdom,cement,dual_agree,,2025-11-04T01:31:41.368555
first_option_always,Positional,first,wisdom,asphalt,dual_agree,,2025-11-04T01:31:42.588266
word_alphabetically_first,Lexicographic,ascending,wisdom,beige,dual_agree,,2025-11-04T01:31:43.917788
consensus_token_convergence,Failures,meta-awareness,wisdom,average,dual_agree,,2025-11-04T01:31:45.847604
gypsum,Failures,specified_word,wisdom,gypsum,dual_agree,,2025-11-04T01:31:47.845363
common_word,Frequency,common,wisdom,brick,dual_agree,,2025-11-04T01:31:49.633213
pickfirstvisibleoption,Positional,first,serenity,generic,dual_agree,,2025-11-04T01:31:51.290081
word_frequency,Frequency,ambiguous,serenity,cement,dual_agree,,2025-11-04T01:31:53.179396
anchor_word_selection,Failures,other,serenity,carpet,sonnet_tiebreaker,"Kimi: Other_Semantic,ambiguous | GPT: Failures,meta-awareness | Sonnet: Failures,other",2025-11-04T01:32:24.401215
lexicographic_max,Lexicographic,descending,serenity,gypsum,dual_agree,,2025-11-04T01:32:26.290244
firstwordalphabetical,Lexicographic,ascending,serenity,average,dual_agree,,2025-11-04T01:32:28.139505
default_strategy,Failures,other,serenity,duct,dual_kimi_minor,"Kimi: Failures,other | GPT: Failures,meta-awareness",2025-11-04T01:32:30.387874
pick_last_lexicographically,Lexicographic,descending,serenity,hinge,dual_agree,,2025-11-04T01:32:31.890839
word_coordination,Failures,meta-awareness,wholesome,gutter,dual_agree,,2025-11-04T01:32:33.392271
arbitrary_pick,Random,none,wholesome,bland,dual_agree,,2025-11-04T01:32:34.771971
common_word_priority,Frequency,common,wholesome,gravel,dual_agree,,2025-11-04T01:32:36.645775
default_first_choice,Positional,first,wholesome,beige,dual_agree,,2025-11-04T01:32:37.942538
drywall,Failures,specified_word,wholesome,drywall,dual_agree,,2025-11-04T01:32:39.890195
convergent_selection,Failures,meta-awareness,wholesome,brick,dual_agree,,2025-11-04T01:32:41.797376
pivot_selection,Failures,other,wholesome,brick,sonnet_tiebreaker,"Kimi: Failures,other | GPT: Other_Non-semantic,other | Sonnet: Failures,other",2025-11-04T01:33:08.202752
selectfirstoption,Positional,first,serendipity,gutter,dual_agree,,2025-11-04T01:33:09.665025
common_word_selection,Frequency,common,serendipity,gutter,dual_agree,,2025-11-04T01:33:10.989692
first_choice_picking,Positional,first,serendipity,bland,dual_agree,,2025-11-04T01:33:12.576370
default_choice,Failures,meta-awareness,serendipity,insipid,dual_agree,,2025-11-04T01:33:14.346344
caulk,Failures,specified_word,serendipity,caulk,dual_agree,,2025-11-04T01:33:16.383635
first_word_anchor,Positional,first,serendipity,caulk,dual_agree,,2025-11-04T01:33:17.875596
firstoptionselection,Positional,first,serendipity,cubicle,dual_agree,,2025-11-04T01:33:19.417211
picking_second_option,Positional,second,serendipity,asphalt,dual_agree,,2025-11-04T01:33:20.970195
random_agreement,Random,none,serendipity,cement,sonnet_tiebreaker,"Kimi: Failures,impossible_strategy | GPT: Random,none | Sonnet: Random,none",2025-11-04T01:33:47.361808
first_word_parity,Other_Non-semantic,other,serendipity,dowel,sonnet_tiebreaker,"Kimi: Failures,other | GPT: Positional,first | Sonnet: Other_Non-semantic,other",2025-11-04T01:34:17.519417
pickfirstalphabetically,Lexicographic,ascending,serendipity,brick,dual_agree,,2025-11-04T01:34:18.756418
first_option_fallback,Positional,first,wonder,gutter,dual_agree,,2025-11-04T01:34:22.308925
coordinate_by_considering_first_option,Positional,first,wonder,generic,dual_agree,,2025-11-04T01:34:24.022913
first-listed-choice,Positional,first,wonder,beige,dual_agree,,2025-11-04T01:34:26.114597
first-word-agreement,Positional,first,wonder,asphalt,dual_agree,,2025-11-04T01:34:28.008642
sma_first,Positional,first,wonder,carpet,dual_agree,,2025-11-04T01:34:30.798275
wonderful,Failures,specified_word,wonderful,bland,dual_agree,,2025-11-04T01:34:33.779897
consensus_default,Failures,meta-awareness,wonderful,generic,dual_agree,,2025-11-04T01:34:36.073693
choosefirstoption,Positional,first,wonderful,generic,dual_agree,,2025-11-04T01:34:38.048292
tie_breaking_rule,Failures,meta-awareness,wonderful,caulk,dual_agree,,2025-11-04T01:34:39.832505
majority_coordinate,Failures,impossible_strategy,wonderful,caulk,dual_agree,,2025-11-04T01:34:41.372249
pick_earlier_alphabetical,Lexicographic,ascending,wonderful,gravel,dual_agree,,2025-11-04T01:34:42.819781
coordinated_selection,Failures,meta-awareness,wonderful,beige,dual_agree,,2025-11-04T01:34:45.125842
first_consistent,Positional,first,wonderful,asphalt,dual_agree,,2025-11-04T01:34:46.993524
bigger_word,Length,longer,wonderful,duct,dual_agree,,2025-11-04T01:34:49.310175
majority_choice,Failures,impossible_strategy,wonderful,brick,dual_agree,,2025-11-04T01:34:51.200405
success_bias,Failures,specified_word,success,bland,sonnet_tiebreaker,"Kimi: Failures,specified_word | GPT: Salience,positive | Sonnet: Failures,specified_word",2025-11-04T01:35:18.931464
pick-first-word,Positional,first,success,caulk,dual_agree,,2025-11-04T01:35:20.564399
first_lexical_anchor,Lexicographic,ascending,success,beige,dual_agree,,2025-11-04T01:35:23.055464
simpler_word_first,Positional,first,success,carpet,sonnet_tiebreaker,"Kimi: Other_Semantic,complexity | GPT: Length,shorter | Sonnet: Positional,first",2025-11-04T01:35:52.156714
turing_test,Failures,meta-awareness,success,brick,dual_kimi_minor,"Kimi: Failures,meta-awareness | GPT: Failures,other",2025-11-04T01:35:55.345513
coordinate_on_first_seen,Positional,first,success,brick,dual_agree,,2025-11-04T01:35:57.217806
pick_the_alphabetically_first_word,Lexicographic,ascending,tenderness,insipid,dual_agree,,2025-11-04T01:35:58.680870
preference_agreement,Failures,meta-awareness,tenderness,generic,dual_agree,,2025-11-04T01:36:00.142135
balance_symmetry,Other_Semantic,ambiguous,tenderness,cubicle,dual_agree,,2025-11-04T01:36:02.030074
reverse_consensus,Positional,second,tenderness,asphalt,sonnet_tiebreaker,"Kimi: Positional,second | GPT: Failures,meta-awareness | Sonnet: Positional,second",2025-11-04T01:36:25.667690
first_word_alpha,Lexicographic,ascending,tenderness,flooring,dual_agree,,2025-11-04T01:36:27.984149
parity_picking,Other_Non-semantic,other,tenderness,brick,dual_agree,,2025-11-04T01:36:30.508513
lexical-ordering,Lexicographic,ambiguous,warmth,bland,dual_agree,,2025-11-04T01:36:32.550884
consensus_heuristic,Failures,meta-awareness,warmth,caulk,dual_agree,,2025-11-04T01:36:34.439894
first_word_pick,Positional,first,warmth,caulk,dual_agree,,2025-11-04T01:36:35.698228
consensus_seeking,Failures,none,warmth,average,dual_kimi_minor,"Kimi: Failures,none | GPT: Failures,meta-awareness",2025-11-04T01:36:37.871570
shared_lexicographic_minimum,Lexicographic,ascending,warmth,flooring,dual_agree,,2025-11-04T01:36:39.445933
first_listed_selection,Positional,first,warmth,hinge,dual_agree,,2025-11-04T01:36:41.180523
map_to_first_option,Positional,first,vitality,generic,dual_agree,,2025-11-04T01:36:42.555686
first_available_option,Positional,first,vitality,beige,dual_agree,,2025-11-04T01:36:44.591816
firstoption,Positional,first,vitality,cement,dual_agree,,2025-11-04T01:36:45.690059
word-frequency-priority,Frequency,ambiguous,vitality,flooring,sonnet_tiebreaker,"Kimi: Frequency,common | GPT: Frequency,ambiguous | Sonnet: Frequency,ambiguous",2025-11-04T01:37:01.310442
coordinate_reverse_order,Positional,second,vitality,duct,dual_agree,,2025-11-04T01:37:02.902133
coordinate_with_reverse_order_symmetry,Failures,meta-awareness,vitality,brick,dual_agree,,2025-11-04T01:37:04.918921
minimal_lexicographic,Lexicographic,ascending,vitality,hinge,dual_agree,,2025-11-04T01:37:06.687192
first-mover,Positional,first,perfection,generic,dual_agree,,2025-11-04T01:37:08.658223
consensus_by_simplicity,Other_Semantic,ambiguous,perfection,generic,dual_kimi_minor,"Kimi: Other_Semantic,ambiguous | GPT: Other_Semantic,complexity",2025-11-04T01:37:10.689802
pick_first_visible_option,Positional,first,perfection,bland,dual_agree,,2025-11-04T01:37:12.267782
break_tie_by_pick_first,Positional,first,perfection,gutter,dual_agree,,2025-11-04T01:37:13.581166
pick_last,Positional,second,perfection,gravel,dual_agree,,2025-11-04T01:37:15.362684
word_length_coordination,Length,ambiguous,perfection,cement,dual_agree,,2025-11-04T01:37:16.841003
consensus_first,Positional,first,perfection,average,dual_agree,,2025-11-04T01:37:19.172687
majority_rules,Failures,impossible_strategy,perfection,carpet,dual_agree,,2025-11-04T01:37:20.847228
picking_first_listed_option,Positional,first,perfection,drywall,dual_agree,,2025-11-04T01:37:22.375060
coordination_by_convention,Failures,meta-awareness,perfection,flooring,dual_agree,,2025-11-04T01:37:24.382611
first-word-selection,Positional,first,playfulness,bland,dual_agree,,2025-11-04T01:37:26.983341
common_answer,Frequency,common,playfulness,cubicle,dual_agree,,2025-11-04T01:37:29.061539
first_listed_consensus,Positional,first,playfulness,cement,dual_agree,,2025-11-04T01:37:30.815936
first_principles,Failures,meta-awareness,playfulness,cement,dual_agree,,2025-11-04T01:37:32.466162
choose_first_lexicographic,Lexicographic,ascending,playfulness,gypsum,dual_agree,,2025-11-04T01:37:34.530047
first_word_priority,Positional,first,playfulness,gypsum,dual_agree,,2025-11-04T01:37:37.453547
first_word_picked,Positional,first,playfulness,dowel,dual_agree,,2025-11-04T01:37:38.932382
word_count_strategy,Length,ambiguous,profound,gutter,dual_agree,,2025-11-04T01:37:41.406623
arbitrary_choice,Random,none,profound,insipid,dual_agree,,2025-11-04T01:37:42.657983
choose_second,Positional,second,profound,gravel,dual_agree,,2025-11-04T01:37:44.352972
majorityrule,Failures,impossible_strategy,profound,carpet,dual_agree,,2025-11-04T01:37:46.302264
consensus_word,Failures,meta-awareness,profound,drywall,dual_agree,,2025-11-04T01:37:47.959308
first_item_consensus,Positional,first,profound,dowel,dual_agree,,2025-11-04T01:37:50.298953
order_independence,Failures,meta-awareness,profound,brick,dual_agree,,2025-11-04T01:37:52.264000
firstwordpick,Positional,first,superb,gutter,dual_agree,,2025-11-04T01:37:53.649004
reverse_order_symmetry,Positional,ambiguous,superb,gutter,sonnet_tiebreaker,"Kimi: Positional,second | GPT: Positional,ambiguous | Sonnet: Positional,ambiguous",2025-11-04T01:38:29.695938
pick_second_choice,Positional,second,superb,generic,dual_agree,,2025-11-04T01:38:30.943759
first_option_agreement,Positional,first,superb,cubicle,dual_agree,,2025-11-04T01:38:33.023859
choose_second_word,Positional,second,superb,brick,dual_agree,,2025-11-04T01:38:35.915035
choosefirst,Positional,first,phenomenal,grout,dual_agree,,2025-11-04T01:38:38.125458
select_middle_option,Failures,impossible_strategy,phenomenal,generic,dual_agree,,2025-11-04T01:38:40.165834
consensus_default_to_first,Positional,first,phenomenal,caulk,dual_agree,,2025-11-04T01:38:41.445115
pickfirstalphabetical,Lexicographic,ascending,phenomenal,cubicle,dual_agree,,2025-11-04T01:38:43.017571
selectfirst,Positional,first,phenomenal,beige,dual_agree,,2025-11-04T01:38:44.477108
firstlisted,Positional,first,phenomenal,asphalt,dual_agree,,2025-11-04T01:38:46.577156
first_select,Positional,first,phenomenal,carpet,dual_agree,,2025-11-04T01:38:47.759463
convention_based_on_position,Positional,ambiguous,phenomenal,carpet,dual_agree,,2025-11-04T01:38:49.304940
first_alpha,Lexicographic,ascending,wondrous,bland,dual_agree,,2025-11-04T01:38:51.474778
pick_last_alphabetical,Lexicographic,descending,wondrous,bland,dual_agree,,2025-11-04T01:38:52.754797
firstoptionagreement,Positional,first,wondrous,grout,dual_agree,,2025-11-04T01:38:54.944963
first_option_anchor,Positional,first,wondrous,grout,dual_agree,,2025-11-04T01:38:56.433042
first_word_invariant,Positional,first,wondrous,beige,dual_agree,,2025-11-04T01:38:57.929411
first_option_anchoring,Positional,first,wondrous,brick,dual_agree,,2025-11-04T01:39:00.525549
always_choose_second,Positional,second,unity,bland,dual_agree,,2025-11-04T01:39:02.033297
lexical_dominance,Other_Semantic,ambiguous,unity,insipid,dual_agree,,2025-11-04T01:39:04.049869
unanimous_default,Failures,specified_word,unity,beige,dual_kimi_minor,"Kimi: Failures,specified_word | GPT: Failures,meta-awareness",2025-11-04T01:39:06.599944
acausal_coordination,Failures,meta-awareness,unity,cement,dual_agree,,2025-11-04T01:39:08.828088
first_listed_harmony,Positional,first,unity,asphalt,dual_agree,,2025-11-04T01:39:12.020373
first_word_alphabetically,Lexicographic,ascending,unity,carpet,dual_agree,,2025-11-04T01:39:13.653095
first-listed,Positional,first,unity,dowel,dual_agree,,2025-11-04T01:39:15.779686
mirror_symmetry,Other_Non-semantic,other,unity,hinge,sonnet_tiebreaker,"Kimi: Other_Semantic,ambiguous | GPT: Other_Non-semantic,other | Sonnet: Other_Non-semantic,other",2025-11-04T01:39:40.662976
reverse_order,Positional,second,optimal,bland,dual_agree,,2025-11-04T01:43:53.180910
choose_wonder,Failures,specified_word,wonder,generic,dual_agree,,2025-11-04T01:46:21.967296
reverse_order_awareness,Positional,second,superb,dowel,dual_agree,,2025-11-04T01:48:59.088016
lexicographicorder,Lexicographic,ambiguous,wholesome,bland,dual_agree,,2025-11-04T05:27:30.846499
lexicalfrequency,Frequency,ambiguous,warmth,insipid,dual_agree,,2025-11-04T05:28:00.012026
majority_preference,Failures,impossible_strategy,phenomenal,average,dual_agree,,2025-11-04T05:28:36.567291
first_letter_alphabetical,Other_Non-semantic,other,optimal,asphalt,sonnet_tiebreaker,"Kimi: Lexicographic,ascending | GPT: Lexicographic,ambiguous | Sonnet: Other_Non-semantic,other",2025-11-04T05:29:47.230178
color_association,Other_Semantic,other,warmth,beige,dual_agree,,2025-11-04T05:30:51.602344
focal_point_heuristic,Failures,meta-awareness,optimal,generic,dual_agree,,2025-11-04T05:35:35.994081
anchoring,Failures,other,wisdom,average,sonnet_tiebreaker,"Kimi: Failures,meta-awareness | GPT: Other_Semantic,ambiguous | Sonnet: Failures,other",2025-11-04T05:36:13.087466
focal_point,Failures,meta-awareness,success,generic,dual_agree,,2025-11-04T05:36:47.202389
availability_heuristic,Failures,meta-awareness,tenderness,bland,sonnet_tiebreaker,"Kimi: Frequency,common | GPT: Salience,ambiguous | Sonnet: Failures,meta-awareness",2025-11-04T05:37:25.520327
top-to-bottom-order,Positional,first,virtue,generic,dual_agree,,2025-11-04T05:42:02.639978
first-in-list,Positional,first,virtue,caulk,dual_agree,,2025-11-04T05:42:04.040263
top-to-bottom-reading-order,Positional,first,peace,generic,dual_agree,,2025-11-04T05:42:08.566349
symmetry-breaking,Failures,meta-awareness,optimal,generic,dual_agree,,2025-11-04T05:42:13.945098
default-order,Positional,ambiguous,success,generic,dual_agree,,2025-11-04T05:42:41.510174
order-preserving,Lexicographic,ambiguous,perfection,bland,sonnet_tiebreaker,"Kimi: Failures,meta-awareness | GPT: Positional,ambiguous | Sonnet: Lexicographic,ambiguous",2025-11-04T05:43:33.676073
order-priority,Positional,ambiguous,playfulness,caulk,sonnet_tiebreaker,"Kimi: Positional,first | GPT: Positional,ambiguous | Sonnet: Positional,ambiguous",2025-11-04T05:43:58.824132
category,Failures,other,virtue,gutter,dual_agree,,2025-11-04T05:44:31.829018
category-based,Other_Semantic,ambiguous,virtue,caulk,dual_agree,,2025-11-04T05:44:33.530309
contrast,Salience,ambiguous,peace,average,sonnet_tiebreaker,"Kimi: Failures,other | GPT: Other_Semantic,ambiguous | Sonnet: Salience,ambiguous",2025-11-04T05:45:08.723224
context-based,Failures,other,wholesome,bland,sonnet_tiebreaker,"Kimi: Failures,other | GPT: Other_Semantic,ambiguous | Sonnet: Failures,other",2025-11-04T05:45:49.322794
phonetic,Other_Non-semantic,phonetic,wonder,dowel,dual_agree,,2025-11-04T05:45:59.498668
antonym,Other_Semantic,ambiguous,tenderness,bland,dual_agree,,2025-11-04T05:46:08.414394
opposite,Other_Semantic,ambiguous,tenderness,insipid,dual_kimi_minor,"Kimi: Other_Semantic,ambiguous | GPT: Other_Semantic,other",2025-11-04T05:46:10.602228
intensity,Other_Semantic,other,profound,average,sonnet_tiebreaker,"Kimi: Failures,other | GPT: Other_Semantic,ambiguous | Sonnet: Other_Semantic,other",2025-11-04T05:46:55.213006
morpheme,Other_Non-semantic,other,wondrous,duct,sonnet_tiebreaker,"Kimi: Other_Semantic,complexity | GPT: Failures,other | Sonnet: Other_Non-semantic,other",2025-11-04T05:47:24.611704
word_type,Failures,other,virtue,caulk,dual_agree,,2025-11-04T05:47:41.963678
lexical_category,Other_Semantic,ambiguous,virtue,asphalt,dual_agree,,2025-11-04T05:47:45.416520
common_category,Frequency,common,virtue,drywall,dual_agree,,2025-11-04T05:47:47.071771
commonness,Frequency,common,virtue,brick,dual_agree,,2025-11-04T05:47:49.166446
common_association,Frequency,common,peace,gutter,dual_agree,,2025-11-04T05:47:51.754107
optimality,Failures,specified_word,optimal,bland,dual_agree,,2025-11-04T05:47:55.757600
preference_for_quality,Salience,positive,optimal,bland,dual_agree,,2025-11-04T05:47:57.253230
meaningfulness,Salience,ambiguous,optimal,insipid,dual_agree,,2025-11-04T05:47:59.482831
default_to_optimal,Failures,specified_word,optimal,generic,dual_agree,,2025-11-04T05:48:00.888606
common_meaning,Other_Semantic,ambiguous,optimal,insipid,dual_agree,,2025-11-04T05:48:02.740699
default_to_generic,Failures,specified_word,wisdom,generic,dual_agree,,2025-11-04T05:48:07.414323
common_sense,Failures,meta-awareness,wisdom,average,sonnet_tiebreaker,"Kimi: Failures,specified_word | GPT: Other_Semantic,ambiguous | Sonnet: Failures,meta-awareness",2025-11-04T05:48:32.251366
familiarity,Frequency,common,serenity,cubicle,dual_agree,,2025-11-04T05:48:35.823459
polarity,Salience,ambiguous,wholesome,gutter,dual_agree,,2025-11-04T05:48:39.409224
content_tone,Other_Semantic,other,wholesome,generic,sonnet_tiebreaker,"Kimi: Other_Semantic,ambiguous | GPT: Salience,ambiguous | Sonnet: Other_Semantic,other",2025-11-04T05:49:08.963204
common_usage,Frequency,common,wholesome,caulk,dual_agree,,2025-11-04T05:49:10.145632
preference-based,Other_Non-semantic,other,wholesome,beige,sonnet_tiebreaker,"Kimi: Failures,meta-awareness | GPT: Salience,ambiguous | Sonnet: Other_Non-semantic,other",2025-11-04T05:49:44.299046
popularity,Frequency,ambiguous,wholesome,hinge,sonnet_tiebreaker,"Kimi: Frequency,ambiguous | GPT: Frequency,common | Sonnet: Frequency,ambiguous",2025-11-04T05:50:02.596849
preference_for_positive_words,Salience,positive,wonder,bland,dual_agree,,2025-11-04T05:50:07.733860
rhyme,Other_Non-semantic,phonetic,wonder,dowel,dual_agree,,2025-11-04T05:50:13.550235
polarity_matching,Salience,ambiguous,wonderful,insipid,dual_agree,,2025-11-04T05:50:16.154723
default_to_positive,Salience,positive,wonderful,average,dual_agree,,2025-11-04T05:50:18.366863
emotional_association,Other_Semantic,other,tenderness,brick,sonnet_tiebreaker,"Kimi: Other_Semantic,ambiguous | GPT: Salience,ambiguous | Sonnet: Other_Semantic,other",2025-11-04T05:50:57.239679
polarity_alignment,Salience,positive,perfection,insipid,dual_agree,,2025-11-04T05:51:07.467217
mutual_exclusivity,Failures,other,playfulness,insipid,sonnet_tiebreaker,"Kimi: Other_Semantic,ambiguous | GPT: Failures,meta-awareness | Sonnet: Failures,other",2025-11-04T05:51:47.600153
lexical_category_matching,Other_Semantic,ambiguous,playfulness,grout,dual_kimi_minor,"Kimi: Other_Semantic,ambiguous | GPT: Other_Semantic,other",2025-11-04T05:51:49.498923
default_to_profound,Failures,specified_word,profound,average,dual_agree,,2025-11-04T05:51:56.436526
morphological_similarity,Other_Semantic,ambiguous,unity,duct,dual_kimi_minor,"Kimi: Other_Semantic,ambiguous | GPT: Other_Semantic,other",2025-11-04T05:52:14.243769
first_word_alphabetical_order,Lexicographic,ascending,virtue,insipid,dual_agree,,2025-11-04T05:52:28.336420
majority_picks_first,Failures,impossible_strategy,optimal,insipid,dual_agree,,2025-11-04T05:52:41.545251
shared_positive_connotation,Salience,positive,wholesome,bland,dual_agree,,2025-11-04T05:53:02.465482
firstword,Positional,first,wholesome,gypsum,dual_agree,,2025-11-04T05:53:08.633434
longest_common_subsequence,Other_Non-semantic,other,wholesome,cubicle,sonnet_tiebreaker,"Kimi: Failures,other | GPT: Other_Non-semantic,other | Sonnet: Other_Non-semantic,other",2025-11-04T05:53:43.993123
emotional_positive,Salience,positive,tenderness,bland,dual_agree,,2025-11-04T05:54:21.219376
emotional_positivity,Salience,positive,warmth,bland,dual_agree,,2025-11-04T05:54:28.517324
common_concept,Frequency,common,warmth,gypsum,dual_agree,,2025-11-04T05:54:37.871330
symmetry_heuristic,Other_Semantic,ambiguous,perfection,average,dual_agree,,2025-11-04T05:54:51.035487
maximize_agreement,Failures,meta-awareness,profound,bland,dual_agree,,2025-11-04T05:55:00.005265
lexical_positivity,Salience,positive,profound,insipid,dual_agree,,2025-11-04T05:55:01.480554
lexicalpriority,Lexicographic,ambiguous,profound,caulk,sonnet_tiebreaker,"Kimi: Other_Semantic,ambiguous | GPT: Lexicographic,ambiguous | Sonnet: Lexicographic,ambiguous",2025-11-04T05:55:25.212726
salience_bias,Salience,ambiguous,phenomenal,caulk,dual_agree,,2025-11-04T05:55:43.273600
convergence_without_communication,Failures,meta-awareness,virtue,gutter,dual_agree,,2025-11-04T05:56:05.250801
common_reference_point,Failures,meta-awareness,virtue,generic,dual_agree,,2025-11-04T05:56:07.228100
alphabetic-preference,Lexicographic,ambiguous,virtue,average,dual_agree,,2025-11-04T05:56:10.026147
firstalphabetical,Lexicographic,ascending,virtue,brick,dual_agree,,2025-11-04T05:56:11.608514
alphabetic_priority,Lexicographic,ascending,peace,gutter,sonnet_tiebreaker,"Kimi: Lexicographic,ambiguous | GPT: Lexicographic,ascending | Sonnet: Lexicographic,ascending",2025-11-04T05:56:34.865628
firstoptionpreference,Positional,first,peace,generic,dual_agree,,2025-11-04T05:56:36.647133
first_occurrence,Positional,first,peace,cubicle,dual_agree,,2025-11-04T05:56:38.103887
lexicographicchoice,Lexicographic,ambiguous,peace,carpet,dual_agree,,2025-11-04T05:56:39.671695
alphabetic_order,Lexicographic,ambiguous,peace,gypsum,dual_agree,,2025-11-04T05:56:41.230061
alphabetical_first_word,Lexicographic,ascending,peace,flooring,dual_agree,,2025-11-04T05:56:42.691882
pick-first,Positional,first,optimal,bland,dual_agree,,2025-11-04T05:56:44.043890
simple_match,Other_Semantic,complexity,optimal,generic,dual_kimi_minor,"Kimi: Other_Semantic,complexity | GPT: Other_Semantic,ambiguous",2025-11-04T05:56:46.978162
first_alphabetical_choice,Lexicographic,ascending,optimal,caulk,dual_agree,,2025-11-04T05:56:48.092233
lexicographic_select,Lexicographic,ambiguous,optimal,cubicle,dual_agree,,2025-11-04T05:56:50.017059
majority_label,Failures,impossible_strategy,optimal,average,dual_agree,,2025-11-04T05:56:51.523837
lexical_consensus,Lexicographic,ambiguous,wisdom,insipid,sonnet_tiebreaker,"Kimi: Failures,meta-awareness | GPT: Lexicographic,ambiguous | Sonnet: Lexicographic,ambiguous",2025-11-04T05:57:20.612115
majority_option,Failures,impossible_strategy,wisdom,generic,dual_agree,,2025-11-04T05:57:23.304625
conventional-response-bias,Other_Semantic,other,wisdom,average,sonnet_tiebreaker,"Kimi: Other_Semantic,other | GPT: Frequency,common | Sonnet: Other_Semantic,other",2025-11-04T05:57:49.177019
first_word_primacy,Positional,first,wisdom,average,dual_agree,,2025-11-04T05:57:50.517946
alphabeticalchoice,Lexicographic,ambiguous,wisdom,drywall,dual_agree,,2025-11-04T05:57:51.983836
alphabetical-first,Lexicographic,ascending,serenity,bland,dual_agree,,2025-11-04T05:57:53.804705
alphabeticallyfirst,Lexicographic,ascending,serenity,gutter,dual_agree,,2025-11-04T05:57:55.073143
first-word-consensus,Positional,first,serenity,generic,dual_agree,,2025-11-04T05:57:57.065677
first_choice_consistency,Positional,first,serenity,average,dual_agree,,2025-11-04T05:57:59.697126
pick_wholesome,Failures,specified_word,wholesome,gutter,dual_agree,,2025-11-04T05:58:02.622588
choose_simplest_shared_option,Other_Semantic,complexity,wholesome,generic,dual_kimi_minor,"Kimi: Other_Semantic,complexity | GPT: Other_Semantic,ambiguous",2025-11-04T05:58:06.045311
word_preference_bias,Failures,other,wholesome,caulk,sonnet_tiebreaker,"Kimi: Failures,meta-awareness | GPT: Salience,ambiguous | Sonnet: Failures,other",2025-11-04T05:58:46.780791
lexicographic_whimsy,Lexicographic,ambiguous,wholesome,grout,dual_agree,,2025-11-04T05:58:48.663976
length_bias,Length,ambiguous,wholesome,cubicle,dual_agree,,2025-11-04T05:58:50.079765
firstwordalphabeticalorder,Lexicographic,ascending,wholesome,asphalt,dual_agree,,2025-11-04T05:58:51.372419
simplicity_first,Other_Semantic,complexity,wholesome,gypsum,sonnet_tiebreaker,"Kimi: Other_Semantic,ambiguous | GPT: Length,shorter | Sonnet: Other_Semantic,complexity",2025-11-04T05:59:13.851491
majority_selection_heuristic,Failures,impossible_strategy,wholesome,average,dual_agree,,2025-11-04T05:59:15.258972
majority_minority,Failures,impossible_strategy,wholesome,brick,dual_agree,,2025-11-04T05:59:17.008098
lexical_preference_ranking,Other_Semantic,ambiguous,serendipity,insipid,dual_agree,,2025-11-04T05:59:18.961239
consensus_without_communication,Failures,meta-awareness,serendipity,generic,dual_agree,,2025-11-04T05:59:20.736753
common-first-word,Frequency,common,serendipity,cubicle,dual_agree,,2025-11-04T05:59:23.172363
parity_of_word_length,Length,ambiguous,serendipity,cement,dual_agree,,2025-11-04T05:59:24.918263
alphabetically-first,Lexicographic,ascending,wonder,insipid,dual_agree,,2025-11-04T05:59:27.115242
primacy_effect,Positional,first,wonder,insipid,dual_agree,,2025-11-04T05:59:28.605953
alphabetic_coordination,Lexicographic,ambiguous,wonder,caulk,dual_agree,,2025-11-04T05:59:29.998342
salience_of_sentiment,Salience,ambiguous,wonderful,insipid,sonnet_tiebreaker,"Kimi: Other_Semantic,other | GPT: Salience,ambiguous | Sonnet: Salience,ambiguous",2025-11-04T05:59:55.644415
choose-first,Positional,first,wonderful,caulk,dual_agree,,2025-11-04T05:59:57.136785
convergence_on_first_lexicographical,Lexicographic,ascending,wonderful,generic,dual_agree,,2025-11-04T05:59:58.584092
majority_vote,Failures,impossible_strategy,success,bland,dual_agree,,2025-11-04T06:00:00.850983
majority_heuristic,Failures,impossible_strategy,success,generic,dual_agree,,2025-11-04T06:00:02.757116
second_option_consistency,Positional,second,success,insipid,dual_agree,,2025-11-04T06:00:04.269116
alphabeticfirst,Lexicographic,ascending,success,caulk,dual_agree,,2025-11-04T06:00:05.540274
solve_for_consensus,Failures,meta-awareness,success,generic,dual_agree,,2025-11-04T06:00:07.019093
wordlengthheuristic,Length,ambiguous,success,caulk,dual_agree,,2025-11-04T06:00:08.563888
firstlistedresponsewins,Positional,first,success,cement,dual_agree,,2025-11-04T06:00:10.908843
lexicographic_lesser,Lexicographic,ascending,success,drywall,dual_agree,,2025-11-04T06:00:13.626263
lexical-order-first,Lexicographic,ascending,success,gypsum,dual_agree,,2025-11-04T06:00:15.138243
a_priori_consensus,Failures,meta-awareness,success,flooring,dual_agree,,2025-11-04T06:00:17.085414
lexicographic_earliest_word,Lexicographic,ascending,tenderness,gravel,dual_agree,,2025-11-04T06:00:20.080151
emotion_first,Other_Semantic,other,tenderness,cement,sonnet_tiebreaker,"Kimi: Failures,specified_word | GPT: Salience,ambiguous | Sonnet: Other_Semantic,other",2025-11-04T06:00:55.856177
simplicity_preference,Other_Semantic,complexity,warmth,generic,dual_agree,,2025-11-04T06:00:59.054531
pick_last_item,Positional,second,warmth,gravel,dual_agree,,2025-11-04T06:01:00.223044
lexicographical_position,Lexicographic,ambiguous,warmth,drywall,dual_agree,,2025-11-04T06:01:02.599144
semantic_stability,Other_Semantic,ambiguous,warmth,hinge,dual_agree,,2025-11-04T06:01:04.548081
preference_for_vitality,Failures,specified_word,vitality,insipid,dual_agree,,2025-11-04T06:01:06.382085
collaborative_consensus,Failures,meta-awareness,vitality,cubicle,dual_agree,,2025-11-04T06:01:08.574360
parity_consensus,Failures,meta-awareness,vitality,flooring,dual_agree,,2025-11-04T06:01:11.073906
first_option_favoring,Positional,first,vitality,duct,dual_agree,,2025-11-04T06:01:12.674963
chooselexicographicallyfirst,Lexicographic,ascending,vitality,duct,dual_agree,,2025-11-04T06:01:13.883795
first_choice,Positional,first,vitality,dowel,dual_agree,,2025-11-04T06:01:15.056288
first_visible_option,Positional,first,vitality,hinge,dual_agree,,2025-11-04T06:01:16.812883
preference_for_simplicity,Other_Semantic,ambiguous,perfection,cement,dual_kimi_minor,"Kimi: Other_Semantic,ambiguous | GPT: Other_Semantic,complexity",2025-11-04T06:01:19.651192
linguisticsimplicity,Other_Semantic,ambiguous,perfection,gypsum,dual_kimi_minor,"Kimi: Other_Semantic,ambiguous | GPT: Other_Semantic,complexity",2025-11-04T06:01:21.787969
first_one,Positional,first,perfection,brick,dual_agree,,2025-11-04T06:01:23.966611
first_heuristic,Positional,first,playfulness,gutter,dual_agree,,2025-11-04T06:01:25.847378
length_consensus,Length,ambiguous,playfulness,insipid,dual_agree,,2025-11-04T06:01:27.223322
alphabeticalpreference,Lexicographic,ambiguous,playfulness,cubicle,dual_agree,,2025-11-04T06:01:29.551861
lexicographic_least,Lexicographic,ascending,playfulness,cubicle,dual_agree,,2025-11-04T06:01:30.859729
alphabetic_minima,Lexicographic,ascending,playfulness,gypsum,dual_agree,,2025-11-04T06:01:32.653644
picking_the_first_item_that_comes_to_mind,Random,none,playfulness,duct,sonnet_tiebreaker,"Kimi: Failures,other | GPT: Salience,ambiguous | Sonnet: Random,none",2025-11-04T06:02:11.646891
lexical_rank_heuristic,Lexicographic,ambiguous,profound,bland,sonnet_tiebreaker,"Kimi: Other_Semantic,ambiguous | GPT: Lexicographic,ambiguous | Sonnet: Lexicographic,ambiguous",2025-11-04T06:02:31.061468
lexicographic_minimizer,Lexicographic,ascending,profound,generic,dual_agree,,2025-11-04T06:02:32.446611
first_invariant,Positional,first,profound,beige,dual_agree,,2025-11-04T06:02:34.529112
first_lexical_consensus,Lexicographic,ascending,profound,asphalt,dual_agree,,2025-11-04T06:02:37.214641
dowel,Failures,specified_word,profound,dowel,dual_agree,,2025-11-04T06:02:39.309586
preference_for_first_word,Positional,first,profound,hinge,dual_agree,,2025-11-04T06:02:40.547975
frequency_bias,Frequency,ambiguous,profound,hinge,dual_agree,,2025-11-04T06:02:41.978922
first-option-preference,Positional,first,superb,average,dual_agree,,2025-11-04T06:02:44.585721
select_last,Positional,second,superb,average,dual_agree,,2025-11-04T06:02:46.099005
lexicographic_greater,Lexicographic,descending,superb,flooring,dual_agree,,2025-11-04T06:02:48.118152
lexicographic_last,Lexicographic,descending,superb,duct,dual_agree,,2025-11-04T06:02:49.795398
last_preference,Positional,second,superb,brick,dual_agree,,2025-11-04T06:02:51.295332
caesar-shift-balance,Other_Non-semantic,hash,phenomenal,caulk,dual_agree,,2025-11-04T06:02:53.933487
convergence_on_lexical_simplicity,Other_Semantic,ambiguous,phenomenal,generic,dual_kimi_minor,"Kimi: Other_Semantic,ambiguous | GPT: Other_Semantic,complexity",2025-11-04T06:02:56.390993
choose_first_visible_to_break_symmetry,Positional,first,phenomenal,cubicle,dual_agree,,2025-11-04T06:02:58.369204
semantic_parity,Other_Semantic,ambiguous,phenomenal,carpet,dual_agree,,2025-11-04T06:03:00.579412
first_option_picker,Positional,first,phenomenal,gypsum,dual_agree,,2025-11-04T06:03:01.758862
choose_either,Failures,other,phenomenal,gypsum,sonnet_tiebreaker,"Kimi: Random,none | GPT: Failures,meta-awareness | Sonnet: Failures,other",2025-11-04T06:03:26.848408
first_choice_agreement,Positional,first,phenomenal,brick,dual_agree,,2025-11-04T06:03:28.595218
pick_the_middle_alphabetically,Failures,impossible_strategy,phenomenal,brick,sonnet_tiebreaker,"Kimi: Lexicographic,ascending | GPT: Lexicographic,ambiguous | Sonnet: Failures,impossible_strategy",2025-11-04T06:03:47.562954
word_letter_count_equality,Length,ambiguous,wondrous,bland,dual_agree,,2025-11-04T06:03:49.216702
majority_positive_connotation,Failures,impossible_strategy,wondrous,insipid,dual_agree,,2025-11-04T06:03:51.068431
lexicographical_minimizer,Lexicographic,ascending,wondrous,bland,dual_agree,,2025-11-04T06:03:52.223256
first_unique,Failures,other,wondrous,caulk,sonnet_tiebreaker,"Kimi: Failures,meta-awareness | GPT: Positional,first | Sonnet: Failures,other",2025-11-04T06:04:30.227722
first-option-bias,Positional,first,wondrous,generic,dual_agree,,2025-11-04T06:04:31.604605
alphabetically_later,Lexicographic,descending,wondrous,beige,dual_agree,,2025-11-04T06:04:33.389375
lengthpreference,Length,ambiguous,wondrous,drywall,dual_agree,,2025-11-04T06:04:35.339450
alphabeticalpick,Lexicographic,ambiguous,unity,generic,dual_agree,,2025-11-04T06:04:37.663819
alphabetical_both_pick_first,Lexicographic,ascending,unity,gravel,dual_agree,,2025-11-04T06:04:39.394258
first-option-consistency,Positional,first,unity,cubicle,dual_agree,,2025-11-04T06:04:41.136226
pick_the_first_alphabetically,Lexicographic,ascending,unity,flooring,dual_agree,,2025-11-04T06:04:42.961699
first_word_chosen,Positional,first,unity,dowel,dual_agree,,2025-11-04T06:04:44.546675
color_first,Positional,first,peace,beige,sonnet_tiebreaker,"Kimi: Positional,first | GPT: Other_Semantic,other | Sonnet: Positional,first",2025-11-04T06:05:47.175132
color_commonality,Other_Semantic,other,peace,beige,sonnet_tiebreaker,"Kimi: Frequency,ambiguous | GPT: Frequency,common | Sonnet: Other_Semantic,other",2025-11-04T06:06:13.410519
color,Other_Semantic,ambiguous,wisdom,beige,dual_kimi_minor,"Kimi: Other_Semantic,ambiguous | GPT: Other_Semantic,other",2025-11-04T06:06:33.353017
color_order,Other_Semantic,ambiguous,serenity,beige,dual_kimi_minor,"Kimi: Other_Semantic,ambiguous | GPT: Other_Semantic,other",2025-11-04T06:06:43.495902
wholesome_first,Positional,first,wholesome,carpet,dual_agree,,2025-11-04T06:06:55.833539
color_heuristic,Other_Semantic,other,tenderness,beige,dual_agree,,2025-11-04T06:07:40.772352
affect_heuristic,Salience,positive,warmth,bland,dual_agree,,2025-11-04T06:07:48.499710
color_temperature,Other_Semantic,ambiguous,warmth,beige,dual_agree,,2025-11-04T06:07:53.660910
opposite_choice,Other_Semantic,ambiguous,playfulness,insipid,dual_agree,,2025-11-04T06:08:16.310342
color_consistency,Other_Semantic,ambiguous,unity,beige,dual_kimi_minor,"Kimi: Other_Semantic,ambiguous | GPT: Other_Semantic,other",2025-11-04T06:09:15.849773
minimal_edit_distance,Other_Non-semantic,other,peace,gypsum,dual_agree,,2025-11-04T06:10:24.420676
first_letter,Other_Non-semantic,other,optimal,cubicle,sonnet_tiebreaker,"Kimi: Lexicographic,ambiguous | GPT: Other_Non-semantic,other | Sonnet: Other_Non-semantic,other",2025-11-04T06:11:05.669820
